{"stat.useItem.minecraft.anvil":42,"stat.useItem.minecraft.glass_pane":53,"stat.useItem.minecraft.chest":141,"stat.useItem.minecraft.fence_gate":8,"stat.useItem.minecraft.iron_bars":621,"stat.useItem.minecraft.stone_brick_stairs":353,"stat.useItem.minecraft.web":258,"stat.useItem.minecraft.cobblestone":106,"stat.useItem.minecraft.stone_button":222,"stat.useItem.minecraft.leaves":891,"stat.useItem.minecraft.netherrack":58,"stat.useItem.minecraft.heavy_weighted_pressure_plate":5,"stat.useItem.minecraft.quartz_block":408,"stat.useItem.minecraft.map":1,"stat.craftItem.minecraft.arrow":48,"stat.useItem.minecraft.command_block":37,"stat.useItem.minecraft.wooden_door":65,"stat.useItem.minecraft.stained_glass":80,"stat.useItem.minecraft.minecart":7,"achievement.openInventory":1019,"stat.damageDealt":21147,"stat.useItem.minecraft.fire_charge":19,"stat.useItem.minecraft.fence":905,"stat.useItem.minecraft.item_frame":234,"stat.useItem.minecraft.brick_block":42,"stat.useItem.minecraft.iron_block":723,"stat.killEntity.Bat":12,"stat.crouchOneCm":108531,"stat.useItem.minecraft.stained_glass_pane":187,"stat.useItem.minecraft.packed_ice":2,"stat.useItem.minecraft.sticky_piston":25,"achievement.exploreAllBiomes":{"value":0,"progress":["Forest","Taiga","Ocean","Extreme Hills","Plains","Beach","Roofed Forest","River","ForestHills"]},"stat.useItem.minecraft.log":345,"stat.useItem.minecraft.tnt":9,"stat.useItem.minecraft.bedrock":27,"stat.useItem.minecraft.redstone_block":3,"stat.useItem.minecraft.spruce_door":2,"stat.useItem.minecraft.obsidian":388,"stat.craftItem.minecraft.leather_helmet":2,"stat.useItem.minecraft.hay_block":78,"stat.useItem.minecraft.planks":1697,"stat.talkedToVillager":37,"stat.useItem.minecraft.quartz_stairs":25,"stat.mineBlock.minecraft.vine":1,"stat.fallOneCm":51499,"stat.flyOneCm":28701405,"stat.useItem.minecraft.writable_book":40,"stat.useItem.minecraft.jungle_stairs":2,"stat.damageTaken":3679,"stat.useItem.minecraft.torch":84,"stat.useItem.minecraft.bed":2,"stat.useItem.minecraft.monster_egg":8,"stat.useItem.minecraft.dispenser":12,"stat.useItem.minecraft.diamond_sword":109,"stat.useItem.minecraft.cake":1,"stat.useItem.minecraft.wheat_seeds":1,"stat.useItem.minecraft.oak_stairs":23,"stat.killEntity.Chicken":1,"stat.useItem.minecraft.dropper":12,"stat.useItem.minecraft.stained_hardened_clay":1967,"stat.useItem.minecraft.skull":47,"stat.useItem.minecraft.stonebrick":1497,"stat.useItem.minecraft.golden_rail":59,"stat.useItem.minecraft.clay":240,"stat.useItem.minecraft.dye":4455,"stat.useItem.minecraft.stone":3612,"stat.useItem.minecraft.furnace":7,"stat.craftItem.minecraft.leather_boots":2,"stat.craftItem.minecraft.diamond_sword":1,"stat.useItem.minecraft.birch_door":5,"stat.useItem.minecraft.flower_pot":9,"stat.useItem.minecraft.trapped_chest":1,"stat.useItem.minecraft.rail":93,"stat.useItem.minecraft.end_portal_frame":3,"stat.useItem.minecraft.ladder":129,"stat.useItem.minecraft.enchanting_table":6,"stat.useItem.minecraft.ender_chest":4,"stat.useItem.minecraft.redstone_lamp":156,"stat.useItem.minecraft.flint_and_steel":484,"stat.useItem.minecraft.stone_sword":49,"stat.climbOneCm":116914,"stat.useItem.minecraft.jungle_door":1,"stat.useItem.minecraft.redstone":573,"stat.useItem.minecraft.potion":7,"stat.useItem.minecraft.sapling":234,"stat.drop":13,"stat.useItem.minecraft.diamond_block":1401,"stat.useItem.minecraft.repeater":287,"stat.useItem.minecraft.stone_pressure_plate":41,"stat.useItem.minecraft.bow":287,"stat.useItem.minecraft.spruce_stairs":82,"stat.useItem.minecraft.cooked_beef":1,"stat.useItem.minecraft.gold_block":54,"stat.useItem.minecraft.diamond_ore":24,"stat.killEntity.Wolf":1,"stat.useItem.minecraft.stone_slab":4010,"stat.useItem.minecraft.barrier":387,"stat.craftItem.minecraft.leather_chestplate":2,"stat.useItem.minecraft.egg":248,"stat.killEntity.Creeper":5,"stat.useItem.minecraft.crafting_table":23,"stat.useItem.minecraft.hopper":20,"stat.killEntity.Enderman":1,"stat.leaveGame":127,"stat.useItem.minecraft.glass":86,"stat.killEntity.Villager":2,"stat.timeSinceDeath":397,"stat.useItem.minecraft.ender_eye":3,"stat.useItem.minecraft.chest_minecart":4,"stat.useItem.minecraft.gravel":483,"stat.killEntity.PigZombie":1,"stat.useItem.minecraft.golden_sword":8,"stat.useItem.minecraft.painting":24,"stat.useItem.minecraft.wool":1927,"stat.useItem.minecraft.tripwire_hook":7,"stat.useItem.minecraft.mossy_cobblestone":66,"stat.useItem.minecraft.furnace_minecart":2,"stat.useItem.minecraft.nether_brick_fence":8,"stat.useItem.minecraft.comparator":17,"stat.useItem.minecraft.glowstone":26,"achievement.mineWood":2,"stat.craftItem.minecraft.banner":6,"stat.useItem.minecraft.activator_rail":1,"stat.useItem.minecraft.iron_axe":4,"stat.useItem.minecraft.jungle_fence":6,"stat.playOneMinute":2611448,"stat.useItem.minecraft.redstone_torch":214,"stat.useItem.minecraft.birch_fence":353,"stat.useItem.minecraft.iron_ore":115,"stat.diveOneCm":49662,"stat.useItem.minecraft.lever":119,"stat.useItem.minecraft.gold_ore":12,"stat.craftItem.minecraft.bow":1,"stat.killEntity.Spider":3,"stat.killEntity.Slime":15,"stat.useItem.minecraft.lead":2,"stat.useItem.minecraft.emerald_block":227,"stat.craftItem.minecraft.leather_leggings":2,"stat.swimOneCm":19787,"stat.useItem.minecraft.sandstone_stairs":56,"stat.useItem.minecraft.dark_oak_door":8,"stat.killEntity.Skeleton":17,"stat.horseOneCm":166482,"stat.walkOneCm":9880050,"stat.useItem.minecraft.slime":47,"stat.playerKills":3,"stat.useItem.minecraft.sandstone":119,"stat.useItem.minecraft.dark_oak_fence":31,"stat.useItem.minecraft.iron_door":78,"stat.useItem.minecraft.carpet":126,"stat.jump":6614,"stat.useItem.minecraft.wooden_button":23,"stat.useItem.minecraft.beacon":117,"stat.killEntity.Witch":1,"stat.entityKilledBy.Zombie":2,"stat.useItem.minecraft.daylight_detector":2,"stat.useItem.minecraft.tnt_minecart":4,"stat.useItem.minecraft.iron_sword":39,"stat.useItem.minecraft.cobblestone_wall":798,"stat.useItem.minecraft.coal_block":16,"stat.useItem.minecraft.written_book":14,"stat.deaths":31,"stat.useItem.minecraft.vine":1376,"stat.useItem.minecraft.wooden_slab":159,"stat.useItem.minecraft.stone_axe":5,"stat.mobKills":168,"stat.useItem.minecraft.stone_stairs":369,"stat.useItem.minecraft.string":12,"stat.killEntity.Zombie":102,"stat.useItem.minecraft.sign":120,"stat.minecartOneCm":6325,"stat.useItem.minecraft.bookshelf":23,"stat.tradedWithVillager":6,"stat.useItem.minecraft.armor_stand":4,"stat.useItem.minecraft.piston":51,"stat.useItem.minecraft.banner":11,"stat.useItem.minecraft.tallgrass":190,"stat.killEntity.Squid":4,"stat.useItem.minecraft.spawn_egg":262,"stat.useItem.minecraft.emerald_ore":12,"stat.useItem.minecraft.trapdoor":61,"stat.sprintOneCm":3091150,"stat.useItem.minecraft.dirt":2636}