{"stat.useItem.minecraft.anvil":1,"stat.crouchOneCm":1888,"stat.useItem.minecraft.chest":1,"stat.useItem.minecraft.stained_glass":2,"achievement.openInventory":32,"stat.damageDealt":8830,"stat.useItem.minecraft.fence":2,"achievement.exploreAllBiomes":{"value":0,"progress":["Plains","Roofed Forest"]},"stat.useItem.minecraft.tnt":1,"stat.useItem.minecraft.planks":1,"stat.fallOneCm":6894,"stat.useItem.minecraft.diamond_sword":109,"stat.flyOneCm":692548,"stat.useItem.minecraft.dye":56,"stat.mineBlock.minecraft.torch":3,"stat.climbOneCm":955,"stat.killEntity.Chicken":2,"stat.drop":4,"stat.damageTaken":1668,"stat.useItem.minecraft.torch":4,"stat.leaveGame":3,"stat.diveOneCm":1783,"stat.useItem.minecraft.bow":49,"stat.useItem.minecraft.glass":6,"stat.useItem.minecraft.rotten_flesh":4,"stat.killEntity.Spider":1,"stat.useItem.minecraft.stone_slab":8,"stat.timeSinceDeath":15557,"stat.killEntity.Creeper":2,"stat.playOneMinute":116683,"stat.useItem.minecraft.redstone_torch":1,"stat.useItem.minecraft.wool":8,"stat.useItem.minecraft.painting":1,"stat.useItem.minecraft.acacia_stairs":3,"stat.deaths":5,"stat.swimOneCm":96,"stat.mobKills":47,"stat.killEntity.Skeleton":2,"stat.walkOneCm":250554,"stat.killEntity.Zombie":38,"stat.jump":232,"stat.useItem.minecraft.carpet":14,"stat.entityKilledBy.Zombie":1,"stat.useItem.minecraft.spawn_egg":123,"stat.mineBlock.minecraft.tallgrass":10,"stat.sprintOneCm":78090,"stat.useItem.minecraft.dirt":3}